"IntAngle","%I"
47.33541,99.94118
47.33021,99.94118
47.32501,99.94118
47.31982,99.94118
47.31462,99.87582
47.30942,99.81046
47.30422,99.74511
47.29902,99.74511
47.29382,99.74511
47.28862,99.84314
47.28342,99.94118
47.27822,99.74511
47.27302,99.74511
47.26782,99.74511
47.26262,99.72332
47.25742,99.70153
47.25222,99.67975
47.24702,99.65795
47.24182,99.67538
47.23662,99.69281
47.23142,99.71023
47.22622,99.72767
47.22102,99.7451
47.21582,99.7451
47.21061,99.7451
47.20541,99.7451
47.20021,99.7451
47.19501,99.7451
47.18981,99.7451
47.1846,99.7451
47.1794,99.77311
47.1742,99.80112
47.16899,99.82913
47.1638,99.85715
47.15859,99.88515
47.15339,99.91317
47.14819,99.7451
47.14298,99.67974
47.13778,99.61438
47.13257,99.54902
47.12737,99.59804
47.12217,99.64706
47.11696,99.69608
47.11176,99.7451
47.10655,99.7451
47.10135,99.7451
47.09614,99.7451
47.09094,99.7451
47.08573,99.84314
47.08053,99.94118
47.07532,99.9085
47.07011,99.87582
47.06491,99.84314
47.0597,99.81046
47.0545,99.79085
47.04929,99.77125
47.04409,99.75163
47.03888,99.73203
47.03367,99.71242
47.02847,99.69281
47.02326,99.67321
47.01805,99.65359
47.01284,99.66667
47.00764,99.67974
47.00243,99.59477
46.99722,99.5098
46.99202,99.52287
46.9868,99.6013
46.9816,99.67974
46.97639,99.64705
46.97118,99.35294
46.96597,99.39216
46.96077,99.43137
46.95555,99.47059
46.95035,99.60784
46.94514,99.74509
46.93993,99.70588
46.93472,99.66666
46.92951,99.62745
46.9243,99.58823
46.91909,99.54902
46.91388,99.53748
46.90867,99.52596
46.90346,99.51442
46.89825,99.50288
46.89304,99.68743
46.88783,99.61052
46.88262,99.53363
46.87741,99.45675
46.8722,99.54325
46.86699,99.62976
46.86177,99.61823
46.85656,99.60669
46.85135,99.59516
46.84614,99.58362
46.84093,99.57209
46.83572,99.56056
46.83051,99.54902
46.82529,99.54902
46.82008,99.54902
46.81487,99.45098
46.80966,99.35294
46.80444,99.45098
46.79923,99.54902
46.79402,99.54902
46.78881,99.54902
46.78359,99.54902
46.77838,99.54902
46.77317,99.54902
46.76795,99.54902
46.76274,99.54902
46.75752,99.54902
46.75231,99.54902
46.7471,99.54902
46.74188,99.54902
46.73667,99.48366
46.73145,99.4183
46.72624,99.35295
46.72102,99.54902
46.71581,99.35295
46.71059,99.45099
46.70538,99.54902
46.70016,99.54902
46.69495,99.54902
46.68974,99.54902
46.68452,99.54902
46.6793,99.45099
46.67409,99.35295
46.66887,99.35295
46.66365,99.35295
46.65844,99.35294
46.65322,99.33987
46.64801,99.3268
46.64279,99.31373
46.63757,99.30066
46.63236,99.28759
46.62714,99.27451
46.62192,99.26144
46.61671,99.24837
46.61149,99.2353
46.60627,99.22223
46.60106,99.20915
46.59584,99.19608
46.59062,99.21102
46.5854,99.22595
46.58018,99.2409
46.57497,99.26891
46.56975,99.29693
46.56453,99.36414
46.55931,99.43137
46.55409,99.47058
46.54887,99.5098
46.54366,99.64707
46.53844,99.70588
46.53322,99.47058
46.528,99.62745
46.52278,99.4902
46.51756,99.35294
46.51234,99.45099
46.50712,99.54902
46.5019,99.54902
46.49668,99.54902
46.49146,99.54902
46.48624,99.54902
46.48102,99.45099
46.4758,99.35294
46.47058,99.45099
46.46536,99.54902
46.46014,99.54902
46.45492,99.25491
46.4497,99.15686
46.44448,99.15686
46.43926,99.2549
46.43404,99.35294
46.42881,99.35294
46.4236,99.35294
46.41837,99.35294
46.41315,99.35294
46.40793,99.35294
46.40271,99.2549
46.39749,99.15685
46.39227,99.22221
46.38704,99.28757
46.38182,99.35294
46.3766,99.35294
46.37138,99.35294
46.36615,99.45099
46.36093,99.54902
46.35571,99.54902
46.35049,99.54902
46.34526,99.48366
46.34004,99.41831
46.33482,99.35294
46.32959,99.45099
46.32437,99.54902
46.31915,99.35295
46.31392,99.38562
46.3087,99.4183
46.30348,99.45099
46.29825,99.28758
46.29303,99.32027
46.28781,99.35294
46.28258,99.35294
46.27736,99.35294
46.27213,99.35294
46.26691,99.35294
46.26168,99.35294
46.25646,99.35294
46.25124,99.35294
46.24601,99.35294
46.24079,99.35294
46.23556,99.35294
46.23034,99.35294
46.22511,99.35294
46.21989,99.35294
46.21466,99.35294
46.20943,99.15687
46.20421,99.18954
46.19899,99.22222
46.19376,99.25491
46.18853,99.28758
46.18331,99.32027
46.17808,99.35294
46.17286,99.35294
46.16763,99.35294
46.1624,99.35294
46.15718,99.35294
46.15195,99.35294
46.14672,99.35294
46.1415,99.31373
46.13627,99.27451
46.13105,99.2353
46.12582,99.19608
46.12059,99.15686
46.11536,99.25491
46.11014,99.35294
46.10491,99.35294
46.09968,99.35294
46.09446,99.35294
46.08923,99.35294
46.084,99.35294
46.07877,99.35294
46.07355,99.35294
46.06832,99.35294
46.06309,99.30392
46.05786,99.25491
46.05264,99.2304
46.04741,99.20588
46.04218,99.23038
46.03695,99.2549
46.03172,99.27941
46.02649,99.36928
46.02126,99.45914
46.01604,99.54902
46.01081,99.53394
46.00558,99.51886
46.00035,99.50377
45.99512,99.48869
45.98989,99.47361
45.98466,99.45852
45.97943,99.44344
45.97421,99.42836
45.96898,99.41327
45.96375,99.39819
45.95852,99.38311
45.95329,99.36802
45.94806,99.35294
45.94283,99.33786
45.9376,99.32277
45.93237,99.30769
45.92714,99.29261
45.92191,99.27752
45.91668,99.16441
45.91145,99.05128
45.90622,99.0362
45.90099,99.02112
45.89576,99.00603
45.89053,99.089
45.8853,99.17195
45.88007,99.15686
45.87484,99.15686
45.8696,99.15686
45.86437,99.15686
45.85914,99.15686
45.85391,99.15686
45.84868,99.15686
45.84345,99.15686
45.83822,99.15686
45.83298,99.15686
45.82775,99.15686
45.82253,99.15686
45.81729,99.15686
45.81206,99.15686
45.80683,99.15686
45.8016,99.15686
45.79637,99.15686
45.79113,99.15686
45.7859,99.15686
45.78067,99.15686
45.77544,99.15686
45.77021,99.15686
45.76497,99.05883
45.75974,98.96078
45.75451,98.9888
45.74928,99.0168
45.74405,99.04482
45.73881,99.07283
45.73358,99.10084
45.72835,99.12885
45.72311,99.15686
45.71788,98.96078
45.71265,98.96078
45.70742,98.96078
45.70218,98.96078
45.69695,98.96078
45.69172,99.05883
45.68649,99.15686
45.68125,99.15686
45.67602,99.15686
45.67078,99.15686
45.66555,99.15686
45.66032,99.15686
45.65508,99.0915
45.64985,99.02615
45.64462,98.96078
45.63939,99.15686
45.63415,99.15686
45.62892,99.15686
45.62368,99.15686
45.61845,99.05883
45.61322,98.96078
45.60798,98.96078
45.60275,98.96078
45.59751,98.96078
45.59228,98.96078
45.58704,98.96078
45.58181,98.96078
45.57658,98.96078
45.57134,98.96078
45.56611,99.02614
45.56087,99.0915
45.55564,99.15686
45.5504,99.15686
45.54517,99.15686
45.53993,99.15686
45.5347,99.15686
45.52946,99.15686
45.52423,99.15686
45.51899,99.15686
45.51376,99.0915
45.50853,99.02615
45.50329,98.96078
45.49805,99.05883
45.49282,99.15686
45.48758,98.96078
45.48235,98.96078
45.47711,98.96078
45.47188,98.96078
45.46664,98.96078
45.46141,98.86275
45.45617,98.81372
45.45094,98.96079
45.4457,99.10784
45.44046,99.15686
45.43523,99.15686
45.42999,99.15686
45.42476,99.15686
45.41952,99.15686
45.41428,99.15686
45.40905,99.0915
45.40381,99.02614
45.39858,98.96078
45.39334,98.7647
45.38811,98.86275
45.38287,98.96078
45.37763,98.96078
45.3724,98.96078
45.36716,99.15686
45.36192,99.15686
45.35669,99.15686
45.35145,99.05882
45.34621,98.96078
45.34098,99.15686
45.33574,99.05882
45.33051,98.96078
45.32527,98.7647
45.32003,98.86275
45.3148,98.96078
45.30956,99.05882
45.30432,99.15686
45.29908,99.0915
45.29385,99.02614
45.28861,98.96078
45.28337,98.96078
45.27814,98.96078
45.2729,98.96078
45.26766,98.96078
45.26242,98.96078
45.25719,98.96078
45.25195,98.96078
45.24672,98.96078
45.24148,98.93627
45.23624,98.91176
45.231,98.88725
45.22577,98.86275
45.22053,98.83823
45.21529,98.81373
45.21005,98.78921
45.20481,98.7647
45.19958,99.0098
45.19434,98.96079
45.1891,98.91177
45.18386,99
45.17863,98.84314
45.17339,98.88235
45.16815,98.92157
45.16291,98.96078
45.15768,98.96078
45.15244,98.96078
45.1472,98.96078
45.14196,98.96078
45.13673,98.96078
45.13149,98.96078
45.12625,98.96078
45.12101,98.7647
45.11578,98.86275
45.11053,98.96078
45.1053,98.96078
45.10006,98.96078
45.09482,98.96078
45.08958,98.96078
45.08435,98.96078
45.07911,98.86275
45.07387,98.7647
45.06863,98.7647
45.06339,98.7647
45.05816,98.7647
45.05292,98.7647
45.04768,98.7647
45.04244,98.7647
45.0372,98.7647
45.03196,98.7647
45.02673,98.7647
45.02149,98.86274
45.01625,98.96078
45.01101,98.96078
45.00577,98.96078
45.00053,98.96078
44.99529,98.96078
44.99006,98.89542
44.98482,98.83006
44.97958,98.7647
44.97434,98.81372
44.9691,98.86274
44.96386,98.91176
44.95862,98.96078
44.95338,98.96078
44.94815,98.89542
44.94291,98.83006
44.93767,98.7647
44.93243,98.7647
44.92719,98.7647
44.92195,98.86274
44.91671,98.96078
44.91148,98.81372
44.90623,98.66666
44.901,98.81372
44.89576,98.66667
44.89052,98.56863
44.88528,98.56863
44.88004,98.56863
44.8748,98.56863
44.86956,98.56863
44.86433,98.63399
44.85909,98.69935
44.85385,98.76471
44.84861,98.66667
44.84337,98.56863
44.83813,98.63399
44.83289,98.69934
44.82765,98.7647
44.82241,98.7647
44.81717,98.83006
44.81194,98.76471
44.8067,98.69934
44.80146,98.56863
44.79622,98.56863
44.79098,98.56863
44.78574,98.66667
44.7805,98.76471
44.77526,98.76471
44.77002,98.76471
44.76478,98.76471
44.75954,98.76471
44.75431,98.56863
44.74907,98.66667
44.74383,98.76471
44.73859,98.76471
44.73335,98.76471
44.72811,98.76471
44.72287,98.69934
44.71763,98.63398
44.71239,98.56863
44.70715,98.56863
44.70191,98.57407
44.69667,98.57952
44.69144,98.58497
44.6862,98.59042
44.68096,98.59586
44.67572,98.60131
44.67048,98.60676
44.66524,98.61221
44.66,98.61765
44.65476,98.62309
44.64952,98.62854
44.64428,98.63399
44.63904,98.63944
44.6338,98.64488
44.62857,98.65033
44.62333,98.65578
44.61809,98.66122
44.61285,98.66667
44.60761,98.67212
44.60237,98.67756
44.59713,98.68301
44.59189,98.68845
44.58665,98.6939
44.58141,98.69935
44.57617,98.68029
44.57093,98.66122
44.5657,98.64216
44.56046,98.62309
44.55522,98.60404
44.54998,98.58497
44.54474,98.5659
44.5395,98.54684
44.53426,98.55229
44.52902,98.55774
44.52378,98.56318
44.51854,98.56863
44.51331,98.50327
44.50806,98.43791
44.50283,98.37255
44.49759,98.37255
44.49235,98.37255
44.48711,98.33333
44.48187,98.29412
44.47663,98.2549
44.47139,98.21569
44.46615,98.17647
44.46091,98.27451
44.45567,98.37255
44.45044,98.37255
44.4452,98.38655
44.43996,98.40056
44.43472,98.41457
44.42948,98.42857
44.42424,98.44258
44.419,98.45658
44.41376,98.47059
44.40852,98.38655
44.40329,98.30252
44.39805,98.31653
44.39281,98.33053
44.38757,98.34453
44.38233,98.35854
44.37709,98.37255
44.37185,98.42702
44.36662,98.48149
44.36138,98.43791
44.35614,98.39434
44.3509,98.35077
44.34566,98.20915
44.34042,98.06754
44.33518,98.22004
44.32994,98.37255
44.32471,98.40523
44.31947,98.43792
44.31423,98.37256
44.30899,98.37256
44.30375,98.37256
44.29852,98.37256
44.29327,98.37256
44.28804,98.37256
44.2828,98.37256
44.27756,98.37256
44.27232,98.37256
44.26708,98.37256
44.26184,98.27451
44.25661,98.17647
44.25137,98.17647
44.24613,98.17647
44.24089,98.17647
44.23565,98.27451
44.23042,98.37256
44.22518,98.17647
44.21994,98.17647
44.2147,98.17647
44.20947,98.17647
44.20423,98.17647
44.19899,98.17647
44.19375,98.17647
44.18851,98.17647
44.18327,98.17647
44.17804,98.17647
44.1728,98.17647
44.16756,98.17647
44.16232,98.17647
44.15709,98.17647
44.15185,98.16714
44.14661,98.19048
44.14137,98.21383
44.13614,98.23717
44.1309,98.26051
44.12566,98.28385
44.12042,98.3072
44.11518,98.33054
44.10995,98.35388
44.10471,98.37722
44.09947,98.40056
44.09423,98.42391
44.089,98.44725
44.08376,98.3987
44.07852,98.35014
44.07328,98.30158
44.06805,98.25303
44.06281,98.20449
44.05758,98.19515
44.05234,98.18582
44.0471,98.17648
44.04186,98.17648
44.03662,98.17648
44.03139,98.17648
44.02615,98.17648
44.02092,98.17648
44.01568,98.17648
44.01044,98.24183
44.0052,98.20915
43.99997,98.17646
43.99473,98.07843
43.98949,97.98039
43.98426,97.98039
43.97902,97.98039
43.97379,97.98039
43.96855,97.98039
43.96331,98.17646
43.95808,98.12044
43.95284,98.06442
43.9476,98.0084
43.94237,97.95237
43.93713,97.89635
43.9319,97.84033
43.92666,97.78431
43.92142,97.78431
43.91619,97.9804
43.91095,97.91504
43.90572,97.84967
43.90048,97.78431
43.89524,97.80065
43.89001,97.81699
43.88477,97.83333
43.87954,97.75163
43.8743,97.66993
43.86906,97.58823
43.86383,97.50653
43.85859,97.52287
43.85336,97.53921
43.84812,97.55555
43.84289,97.57189
43.83765,97.58823
43.83242,97.58823
43.82718,97.58823
43.82195,97.58823
43.81671,97.58823
43.81147,97.58823
43.80624,97.68627
43.80101,97.78431
43.79577,97.78431
43.79053,97.78431
43.7853,97.78431
43.78007,97.88235
43.77483,97.98039
43.7696,97.98039
43.76436,97.98039
43.75913,97.88235
43.75389,97.78432
43.74866,97.84968
43.74342,97.91503
43.73819,97.98038
43.73296,97.91503
43.72772,97.84967
43.72249,97.68627
43.71725,97.68627
43.71202,97.88235
43.70679,97.98039
43.70155,97.98039
43.69632,97.78431
43.69108,97.58823
43.68585,97.58823
43.68061,97.58823
43.67538,97.58823
43.67015,97.58823
43.66492,97.58823
43.65968,97.57734
43.65445,97.56645
43.64922,97.55555
43.64398,97.54466
43.63875,97.72984
43.63351,97.73121
43.62828,97.73257
43.62305,97.73393
43.61782,97.73529
43.61258,97.73664
43.60735,97.73802
43.60212,97.73938
43.59689,97.74074
43.59165,97.74209
43.58642,97.74346
43.58119,97.74483
43.57595,97.74619
43.57072,97.74754
43.56549,97.71078
43.56026,97.67401
43.55503,97.63726
43.54979,97.78432
43.54456,97.73529
43.53933,97.68628
43.5341,97.73529
43.52887,97.78431
43.52363,97.58824
43.5184,97.68628
43.51317,97.78432
43.50794,97.78432
43.50271,97.78432
43.49747,97.78432
43.49224,97.78432
43.48701,97.78432
43.48178,97.7451
43.47655,97.70588
43.47132,97.66666
43.46609,97.62745
43.46086,97.58824
43.45563,97.56023
43.4504,97.53222
43.44516,97.30812
43.43993,97.37816
43.4347,97.44818
43.42947,97.42017
43.42424,97.39216
43.41901,97.39216
43.41378,97.39216
43.40855,97.4902
43.40332,97.58824
43.39809,97.52288
43.39286,97.45752
43.38763,97.39216
43.3824,97.39216
43.37717,97.39216
43.37194,97.29412
43.36671,97.19608
43.36148,97.58824
43.35625,97.58824
43.35102,97.58824
43.34579,97.5708
43.34056,97.55337
43.33534,97.53595
43.33011,97.51851
43.32488,97.50109
43.31965,97.52288
43.31442,97.54466
43.30919,97.56645
43.30396,97.58824
43.29874,97.62217
43.29351,97.6561
43.28828,97.69004
43.28305,97.72397
43.27782,97.70889
43.27259,97.69381
43.26736,97.67872
43.26214,97.66364
43.25691,97.64856
43.25168,97.63347
43.24646,97.61839
43.24123,97.58153
43.236,97.54466
43.23077,97.52288
43.22554,97.50109
43.22032,97.4793
43.21509,97.45752
43.20986,97.43573
43.20464,97.41395
43.19941,97.39216
43.19418,97.49019
43.18895,97.58823
43.18373,97.58823
43.1785,97.58823
43.17327,97.58823
43.16805,97.58823
43.16282,97.58823
43.1576,97.58823
43.15237,97.58823
43.14714,97.78431
43.14192,97.66449
43.13669,97.54466
43.13147,97.45752
43.12624,97.37036
43.12101,97.28322
43.11579,97.26143
43.11057,97.23965
43.10534,97.21786
43.10011,97.19607
43.09489,97.19607
43.08966,97.19607
43.08444,97.09804
43.07921,97.02802
43.07399,97.05602
43.06876,97.08404
43.06354,97.11205
43.05832,97.0747
43.05309,97.03735
43.04787,97
43.04264,97.19608
43.03742,97.21787
43.0322,97.23965
43.02697,97.26144
43.02175,97.28322
43.01652,97.30501
43.0113,97.32679
43.00608,97.34858
43.00085,97.37037
42.99563,97.39216
42.99041,97.29412
42.98518,97
42.97996,97
42.97474,97
42.96951,96.90196
42.96429,96.80392
42.95907,97
42.95385,97
42.94862,97
42.9434,97.4902
42.93818,97.58824
42.93296,97.39216
42.92773,97.34314
42.92251,97.29412
42.91729,97.17974
42.91207,97.06536
42.90685,96.90196
42.90163,96.80392
42.8964,96.80392
42.89119,96.80392
42.88596,97
42.88074,97
42.87552,97
42.8703,96.90196
42.86508,96.80393
42.85986,96.60784
42.85464,96.70588
42.84942,96.80393
42.8442,96.80392
42.83898,96.80393
42.83376,96.80392
42.82854,96.80393
42.82332,96.80391
42.8181,96.70588
42.81288,96.60785
42.80766,96.73856
42.80244,96.86928
42.79722,97
42.792,96.90196
42.78678,96.80391
42.78156,96.75489
42.77634,96.70588
42.77113,96.65686
42.76591,96.70589
42.76069,96.80393
42.75547,96.80393
42.75025,96.60784
42.74503,96.41177
42.73982,96.36275
42.7346,96.31373
42.72938,96.26471
42.72416,96.21569
42.71894,96.21569
42.71373,96.21569
42.70851,96.06863
42.70329,95.92157
42.69808,96.2647
42.69286,96.21568
42.68764,96.0196
42.68243,96.0196
42.67721,96.0196
42.67199,96.0196
42.66678,95.92157
42.66156,95.82353
42.65635,95.82353
42.65113,95.82353
42.64591,95.62745
42.6407,95.52941
42.63548,95.43137
42.63026,95.38235
42.62505,95.33334
42.61983,95.31699
42.61462,95.30066
42.60941,95.16993
42.60419,94.9085
42.59898,94.74509
42.59376,94.74509
42.58855,94.64707
42.58333,94.54903
42.57812,94.45099
42.5729,94.05883
42.56769,93.96078
42.56248,93.86275
42.55726,93.66666
42.55205,93.27451
42.54683,93.07843
42.54162,92.88235
42.53641,92.4902
42.5312,92.19608
42.52598,91.50981
42.52077,91.11765
42.51556,90.33333
42.51035,89.54902
42.50513,88.76471
42.49992,87.78431
42.49471,86.60784
42.48949,85.03922
42.48428,83.66667
42.47907,81.70588
42.47386,79.54902
42.46865,77.19608
42.46344,74.84314
42.45823,72.4902
42.45301,70.92157
42.4478,69.7451
42.44259,69.18486
42.43738,69.80112
42.43217,71.0056
42.42696,72.99439
42.42175,75.37534
42.41654,78.14845
42.41133,80.92157
42.40612,83.66667
42.40091,85.82353
42.3957,87.98039
42.39049,89.7451
42.38528,91.31373
42.38007,92.58824
42.37486,93.47059
42.36965,94.45099
42.36444,95.03922
42.35923,95.43138
42.35403,95.82354
42.34882,96.21569
42.34361,96.41177
42.3384,96.60785
42.33319,96.70588
42.32799,96.80393
42.32278,96.86929
42.31757,96.93465
42.31236,97
42.30716,97.09803
42.30195,97.19607
42.29674,97.26144
42.29153,97.32679
42.28633,97.39215
42.28112,97.39215
42.27591,97.39216
42.27071,97.45751
42.2655,97.45751
42.2603,97.45751
42.25509,97.39215
42.24989,97.58823
42.24468,97.61002
42.23948,97.63181
42.23427,97.65359
42.22906,97.57734
42.22386,97.50109
42.21865,97.62091
42.21345,97.74074
42.20824,97.66448
42.20304,97.58823
42.19783,97.52288
42.19263,97.45752
42.18743,97.39216
42.18222,97.4902
42.17702,97.58823
42.17181,97.58823
42.16661,97.68627
42.16141,97.78431
42.15621,97.78431
42.151,97.78431
42.1458,97.68628
42.1406,97.58824
42.1354,97.58824
42.13019,97.58824
42.12499,97.58824
42.11979,97.58824
42.11459,97.58824
42.10939,97.58824
42.10418,97.58824
42.09898,97.58824
42.09378,97.5098
42.08858,97.43138
42.08338,97.45098
42.07818,97.47059
42.07298,97.4902
42.06778,97.47059
42.06258,97.45098
42.05738,97.43137
42.05218,97.41177
42.04698,97.39216
42.04178,97.39216
42.03658,97.39216
42.03138,97.39216
42.02618,97.39216
42.02098,97.39216
42.01578,97.39216
42.01058,97.39215
42.00538,97.39215
42.00019,97.39215
41.99499,97.39215
41.98979,97.39215
41.98459,97.37254
41.97939,97.38562
41.9742,97.39869
41.969,97.41176
41.9638,97.42484
41.9586,97.4379
41.95341,97.45099
41.94821,97.43138
41.94301,97.41177
41.93782,97.39216
41.93262,97.29412
41.92743,97.19608
41.92223,97.26144
41.91703,97.3268
41.91184,97.58823
41.90664,97.58823
41.90145,97.58823
41.89625,97.49019
41.89106,97.39216
41.88586,97.39216
41.88066,97.39216
41.87547,97.39216
41.87028,97.39216
41.86508,97.39215
41.85989,97.32679
41.85469,97.26143
41.8495,97.22058
41.84431,97.24509
41.83912,97.2696
41.83392,97.29411
41.82873,97.31862
41.82354,97.34314
41.81834,97.26961
41.81315,97.19608
41.80796,97.29412
41.80277,97.39216
41.79758,97.39216
41.79239,97.39216
41.78719,97.39216
41.782,97.39216
41.77681,97.33614
41.77162,97.28011
41.76643,97.22409
41.76124,97.16807
41.75605,97.11205
41.75085,97.05602
41.74567,97.02451
41.74047,97.04902
41.73529,97.07353
41.73009,97.09804
41.72491,97.12255
41.71972,97.11438
41.71453,97.10621
41.70934,97.09803
41.70415,97.06536
41.69896,97.03268
41.69378,97.09804
41.68859,97.1634
41.6834,97.13072
41.67821,97.09804
41.67302,96.96732
41.66784,96.8366
41.66265,96.80392
41.65746,96.80392
41.65227,97
41.64709,97.01961
41.6419,97.03921
41.63671,97.05882
41.63153,97.07843
41.62634,97.09804
41.62115,97.07843
41.61597,97.05882
41.61078,97.03922
41.6056,97.01961
41.60041,97
41.59523,97
41.59004,97
41.58486,97
41.57967,97
41.57449,97
41.56931,96.99999
41.56412,96.93463
41.55894,96.96731
41.55376,97
41.54857,97
41.54339,97
41.5382,97.00001
41.53302,96.98218
41.52784,96.96436
41.52266,96.94653
41.51748,96.92871
41.51229,96.98931
41.50711,97.04991
41.50193,97.11052
41.49675,97.17113
41.49157,97.23173
41.48639,97.21391
41.4812,97.19608
41.47602,97.03268
41.47084,96.86928
41.46566,96.80392
41.46048,96.80392
41.45531,96.80392
41.45013,96.80392
41.44495,96.80392
41.43977,96.80392
41.43459,97
41.42941,96.99999
41.42423,96.93463
41.41905,96.86927
41.41388,96.80392
41.4087,96.74945
41.40352,96.69499
41.39834,96.80392
41.39316,96.91286
41.38799,97.02178
41.38281,96.99999
41.37763,96.97821
41.37246,96.95642
41.36728,97
41.3621,97
41.35693,97
41.35175,96.91956
41.34657,96.83911
41.3414,96.75867
41.33622,96.93967
41.33105,96.72851
41.32587,96.71342
41.3207,96.69835
41.31553,96.87934
41.31035,96.86426
41.30518,96.6531
41.3,96.73605
41.29483,96.81901
41.28965,96.80392
41.28448,96.77591
41.27931,96.7479
41.27414,96.71989
41.26896,96.69188
41.26379,96.66387
41.25862,96.63585
41.25344,96.60785
41.24828,96.63508
41.2431,96.6623
41.23793,96.68953
41.23276,96.71677
41.22759,96.59694
41.22242,96.47712
41.21725,96.5207
41.21208,96.56426
41.20691,96.60785
41.20174,96.60785
41.19657,96.60785
41.1914,96.41177
41.18623,96.41177
41.18106,96.41177
41.17589,96.41177
41.17072,96.41177
41.16555,96.41177
41.16039,96.41177
41.15522,96.37255
41.15005,96.33334
41.14488,96.39216
41.13971,96.45098
41.13455,96.41176
41.12938,96.41176
41.12421,96.41176
41.11905,96.41176
41.11388,96.33006
41.10872,96.24837
41.10355,96.26471
41.09838,96.28106
41.09322,96.29739
41.08805,96.31373
41.08289,96.33007
41.07772,96.34641
41.07256,96.36275
41.06739,96.35457
41.06223,96.3464
41.05706,96.33823
41.0519,96.31372
41.04674,96.38726
41.04157,96.46078
41.03641,96.43628
41.03125,96.41176
41.02608,96.21568
41.02092,96.21568
41.01576,96.21568
41.0106,96.31373
41.00544,96.21569
41.00027,96.21569
40.99511,96.21569
40.98995,96.21569
40.98479,96.21569
40.97963,96.21569
40.97447,96.0196
40.96931,95.92157
40.96415,96.01961
40.95899,96.01961
40.95383,96.01961
40.94867,96.01961
40.94351,96.01961
40.93835,96.01961
40.93319,96.01961
40.92804,96.01961
40.92288,96.01961
40.91772,96.01961
40.91256,96.01961
40.9074,96.01961
40.90224,95.99159
40.89709,95.96359
40.89193,96.03361
40.88678,96.10363
40.88162,96.07563
40.87646,96.04761
40.87131,96.0196
40.86615,95.92156
40.861,95.82352
40.85584,95.92156
40.85069,96.0196
40.84553,96.08497
40.84038,96.05229
40.83522,96.01961
40.83007,96.11765
40.82491,96.21569
40.81976,96.01961
40.81461,96.01961
40.80945,96.01961
40.8043,96
40.79915,95.9804
40.79399,95.96079
40.78884,95.94118
40.78369,95.98692
40.77854,96.03267
40.77339,96.07843
40.76824,95.86275
40.76308,95.84314
40.75793,95.82353
40.75278,95.92157
40.74763,96.0196
40.74249,95.92157
40.73734,95.82352
40.73219,95.82352
40.72704,95.82352
40.72189,95.82352
40.71674,95.82352
40.71159,95.82352
40.70644,95.82352
40.70129,95.79084
40.69614,95.78123
40.69099,95.77162
40.68585,95.76202
40.6807,95.75239
40.67555,95.74279
40.67041,95.70051
40.66526,95.6582
40.66011,95.61592
40.65497,95.63898
40.64982,95.66206
40.64468,95.68512
40.63953,95.70819
40.63438,95.73126
40.62924,95.75433
40.6241,95.7774
40.61895,95.80046
40.61381,95.82353
40.60867,95.68628
40.60352,95.54902
40.59838,95.57517
40.59324,95.60131
40.58809,95.62745
40.58295,95.62745
40.5778,95.62745
40.57266,95.62745
40.56752,95.62745
40.56238,95.62745
40.55724,95.62745
40.5521,95.62745
40.54696,95.62745
40.54182,95.52941
40.53667,95.43137
40.53154,95.43137
40.5264,95.43137
40.52126,95.43137
40.51612,95.43137
40.51098,95.62745
40.50584,95.62745
40.5007,95.62745
40.49556,95.62745
40.49043,95.62745
40.48529,95.62745
40.48015,95.62744
40.47501,95.58823
40.46988,95.54901
40.46474,95.5098
40.4596,95.47058
40.45446,95.43137
40.44933,95.43137
40.44419,95.43137
40.43906,95.43137
40.43392,95.43137
40.42879,95.43137
40.42365,95.33333
40.41852,95.23529
40.41338,95.33333
40.40825,95.43137
40.40311,95.43137
40.39798,95.43137
40.39285,95.43137
40.38771,95.40686
40.38258,95.38235
40.37745,95.35784
40.37232,95.33334
40.36718,95.30882
40.36205,95.28432
40.35692,95.2598
40.35179,95.2353
40.34666,95.23529
40.34153,95.26798
40.3364,95.30065
40.33127,95.33334
40.32614,95.36601
40.32101,95.39869
40.31588,95.43138
40.31075,95.33333
40.30562,95.2353
40.30049,95.2353
40.29536,95.2353
40.29024,95.2353
40.28511,95.2353
40.27998,95.2353
40.27485,95.19609
40.26973,95.15687
40.2646,95.11766
40.25948,95.07843
40.25435,95.03922
40.24922,95
40.24409,94.96079
40.23897,94.92157
40.23384,94.88236
40.22872,94.84314
40.22359,94.84314
40.21847,94.84314
40.21335,94.81863
40.20823,94.89215
40.2031,94.96569
40.19798,94.7451
40.19286,94.78595
40.18773,94.8268
40.18261,94.86765
40.17749,94.84314
40.17237,94.79412
40.16724,94.7451
40.16212,94.69608
40.157,94.64707
40.15188,94.64707
40.14676,94.64707
40.14164,94.64707
40.13652,94.64707
40.1314,94.64707
40.12628,94.64707
40.12116,94.64707
40.11604,94.66107
40.11092,94.67508
40.1058,94.68908
40.10069,94.65407
40.09557,94.61904
40.09045,94.58403
40.08533,94.54902
40.08022,94.56302
40.0751,94.57702
40.06998,94.59103
40.06487,94.50701
40.05975,94.42297
40.05464,94.43698
40.04952,94.45098
40.04441,94.40196
40.03929,94.35294
40.03418,94.30392
40.02906,94.25489
40.02395,94.20588
40.01884,94.2549
40.01373,94.30392
40.00861,94.15686
40.0035,94.05882
39.99839,94.2549
39.99327,94.22688
39.98816,94.19888
39.98305,94.07282
39.97794,93.94677
39.97283,94.11484
39.96772,94.08683
39.96261,94.05882
39.9575,94.05882
39.95238,94.05882
39.94728,94.05882
39.94217,94.05882
39.93706,94.05882
39.93195,94.05882
39.92684,94.05882
39.92173,94.05882
39.91663,93.96079
39.91152,93.86274
39.90641,93.84095
39.9013,93.81917
39.8962,93.79738
39.89109,93.7756
39.88598,93.80284
39.88088,93.83006
39.87577,93.8573
39.87067,93.88453
39.86556,93.86274
39.86046,93.86274
39.85535,93.81373
39.85025,93.76471
39.84515,93.71569
39.84004,93.66666
39.83494,93.64705
39.82984,93.62745
39.82473,93.60784
39.81963,93.58823
39.81453,93.56862
39.80943,93.64706
39.80433,93.72549
39.79922,93.70588
39.79412,93.68627
39.78902,93.66667
39.78392,93.56863
39.77882,93.47059
39.77372,93.43791
39.76862,93.40523
39.76352,93.37255
39.75843,93.33988
39.75333,93.30719
39.74823,93.27451
39.74313,93.27451
39.73803,93.27451
39.73294,93.17647
39.72784,93.07843
39.72274,92.98039
39.71765,92.88236
39.71255,92.9804
39.70745,93.07844
39.70236,93.07844
39.69727,93.07844
39.69217,93.07844
39.68707,92.88235
39.68198,92.88235
39.67689,92.88235
39.67179,92.84314
39.6667,92.80392
39.66161,92.76471
39.65651,92.72549
39.65142,92.68628
39.64633,92.63726
39.64124,92.58824
39.63615,92.58823
39.63105,92.58824
39.62596,92.55882
39.62087,92.52941
39.61578,92.45098
39.61069,92.37255
39.6056,92.19608
39.60051,92.06536
39.59542,92.0817
39.59034,92.09804
39.58525,92.11437
39.58016,92.13072
39.57507,92.09804
39.56998,91.90197
39.5649,91.90197
39.55981,91.90197
39.55472,91.90197
39.54964,91.80393
39.54455,91.70589
39.53946,91.64053
39.53438,91.57517
39.52929,91.50981
39.52421,91.46079
39.51912,91.41177
39.51404,91.36275
39.50896,91.31373
39.50387,91.11765
39.49879,91.06863
39.49371,91.01961
39.48862,90.97059
39.48354,90.92157
39.47846,90.85621
39.47338,90.79086
39.4683,90.7255
39.46321,90.66014
39.45813,90.61656
39.45306,90.57299
39.44798,90.39869
39.44289,90.35512
39.43782,90.31155
39.43274,90.26797
39.42766,90.09368
39.42258,89.9194
39.4175,89.74509
39.41242,89.67973
39.40734,89.61437
39.40227,89.54902
39.39719,89.35293
39.39212,89.2549
39.38704,89.15686
39.38196,88.96078
39.37689,88.86275
39.37181,88.79272
39.36674,88.72269
39.36166,88.65266
39.35659,88.54996
39.35151,88.44725
39.34644,88.34455
39.34137,88.27451
39.3363,88.17647
39.33122,88.07843
39.32615,87.98039
39.32108,87.88235
39.31601,87.78431
39.31094,87.60224
39.30586,87.5182
39.30079,87.43417
39.29572,87.35015
39.29065,87.26611
39.28558,86.88795
39.28051,86.70588
39.27544,86.52381
39.27037,86.34174
39.26531,86.15967
39.26024,85.9776
39.25517,85.79552
39.2501,85.61345
39.24504,85.43136
39.23997,85.10456
39.2349,84.97385
39.22984,84.84314
39.22477,84.35294
39.21971,84.05882
39.21464,83.86274
39.20958,83.47059
39.20451,83.27451
39.19945,82.78431
39.19438,82.58823
39.18932,82.29412
39.18426,81.90196
39.1792,81.71895
39.17413,81.53594
39.16907,80.96079
39.16401,80.38562
39.15895,80.00654
39.15388,79.82353
39.14882,79.24836
39.14376,78.6732
39.1387,78.09804
39.13364,77.71895
39.12859,77.14379
39.12352,76.7647
39.11847,76.18954
39.11341,75.81045
39.10835,74.84314
39.10329,74.27668
39.09824,73.51416
39.09318,72.94772
39.08812,72.38126
39.08307,71.61874
39.07801,71.05228
39.07295,70.48583
39.0679,69.72331
39.06284,68.96078
39.05779,68.17646
39.05273,67.58823
39.04768,66.99999
39.04263,66.0196
39.03757,65.43137
39.03252,64.64705
39.02747,63.86274
39.02242,63.2745
39.01736,62.68627
39.01231,61.90195
39.00726,61.53159
39.00221,60.96514
38.99716,60.3987
38.99211,60.02832
38.98706,59.46188
38.98201,59.09151
38.97696,58.91721
38.97191,58.35076
38.96686,58.27452
38.96181,58.17647
38.95676,58.17647
38.95172,58.17647
38.94667,58.17647
38.94162,58.37255
38.93658,58.56863
38.93153,58.76471
38.92649,58.96079
38.92144,59.84313
38.9164,60.13725
38.91135,61.11764
38.90631,61.5098
38.90126,62.29411
38.89622,63.07843
38.89117,64.05882
38.88613,64.84313
38.88109,65.82353
38.87605,66.60784
38.87101,67.78431
38.86596,68.56862
38.86092,69.7451
38.85588,70.52941
38.85084,71.70588
38.8458,72.49019
38.84076,73.47059
38.83572,74.2549
38.83068,75.23529
38.82565,76.21568
38.82061,77
38.81557,77.98039
38.81053,78.76471
38.8055,79.18488
38.80046,80.19328
38.79542,80.80953
38.79039,81.62186
38.78535,82.04202
38.78032,82.65827
38.77528,83.27452
38.77024,83.86275
38.76521,84.45099
38.76017,85.03922
38.75514,85.2353
38.75011,86.01961
38.74508,86.41176
38.74004,87
38.73501,87.19608
38.72998,87.58824
38.72495,87.98039
38.71992,88.17647
38.71489,88.56863
38.70985,88.76471
38.70483,88.96078
38.69979,89.35294
38.69477,89.57353
38.68974,89.79412
38.68471,90.01471
38.67968,90.23529
38.67465,90.45588
38.66962,90.67647
38.6646,90.89706
38.65957,91.11765
38.65454,91.21569
38.64952,91.31372
38.64449,91.50981
38.63947,91.60784
38.63444,91.70588
38.62942,91.80392
38.62439,91.96733
38.61937,92.13072
38.61435,92.29412
38.60933,92.39215
38.6043,92.35948
38.59928,92.62092
38.59426,92.68628
38.58923,92.88236
38.58421,92.98039
38.57919,93.07843
38.57417,93.07843
38.56915,93.07843
38.56413,93.07843
38.55911,93.07843
38.5541,93.27451
38.54908,93.3141
38.54406,93.3537
38.53904,93.3933
38.53402,93.43288
38.529,93.47248
38.52399,93.51207
38.51897,93.55166
38.51395,93.59126
38.50894,93.60634
38.50393,93.62142
38.49891,93.63651
38.4939,93.65159
38.48888,93.66667
38.48387,93.66667
38.47886,93.66667
38.47384,93.66667
38.46883,93.9281
38.46382,93.89542
38.45881,93.86275
38.45379,93.89076
38.44878,93.91877
38.44377,93.94678
38.43876,94.07282
38.43375,94.19887
38.42874,94.22688
38.42373,94.2549
38.41872,94.2549
38.41372,94.2549
38.40871,94.244
38.4037,94.23312
38.39869,94.22222
38.39368,94.24401
38.38868,94.26579
38.38367,94.28758
38.37867,94.30937
38.37366,94.33115
38.36866,94.35294
38.36365,94.37473
38.35865,94.39651
38.35365,94.4183
38.34864,94.44009
38.34364,94.46186
38.33863,94.48366
38.33363,94.27668
38.32863,94.33116
38.32363,94.38562
38.31863,94.45098
38.31363,94.45098
38.30863,94.45098
38.30363,94.45098
38.29863,94.45098
38.29363,94.45098
38.28863,94.45098
38.28363,94.45098
38.27863,94.45098
38.27364,94.45098
38.26864,94.35294
38.26364,94.2549
38.25864,94.2549
38.25365,94.2549
38.24865,94.2549
38.24366,94.2549
38.23866,94.2549
38.23367,94.2549
38.22868,94.42647
38.22368,94.40196
38.21869,94.37745
38.2137,94.35294
38.2087,94.32844
38.20371,94.30392
38.19872,94.27941
38.19373,94.2549
38.18874,94.2549
38.18375,94.2549
38.17876,94.2549
38.17377,94.2549
38.16878,94.29412
38.16379,94.33334
38.1588,94.37255
38.15381,94.41177
38.14882,94.45098
38.14384,94.45098
38.13885,94.45098
38.13386,94.45098
38.12888,94.45098
38.12389,94.46405
38.1189,94.37909
38.11392,94.29411
38.10894,94.30718
38.10395,94.32026
38.09897,94.33333
38.09398,94.3464
38.089,94.35947
38.08402,94.37255
38.07904,94.36602
38.07405,94.35948
38.06907,94.35294
38.06409,94.3464
38.05911,94.33986
38.05413,94.33333
38.04915,94.31372
38.04417,94.39216
38.03919,94.47059
38.03421,94.45099
38.02924,94.45099
38.02426,94.45099
38.01928,94.45099
38.01431,94.2549
38.00933,94.15687
38.00435,94.23983
37.99938,94.22474
37.9944,94.20966
37.98943,94.19458
37.98445,94.17949
37.97948,94.16441
37.97451,94.14933
37.96953,94.13424
37.96456,94.11916
37.95959,94.10408
37.95461,94.089
37.94964,94.07392
37.94467,94.05883
37.9397,94.06914
37.93473,94.07946
37.92976,94.08978
37.92479,94.1001
37.91982,94.11042
37.91485,93.92466
37.90989,93.93498
37.90492,93.9453
37.89995,93.95562
37.89498,93.96594
37.89001,93.97626
37.88505,93.98658
37.88008,93.9969
37.87512,94.00722
37.87016,94.01754
37.86519,93.97184
37.86023,93.92614
37.85526,93.88043
37.8503,93.83473
37.84534,93.77872
37.84037,93.72269
37.83541,93.66666
37.83045,93.71568
37.82549,93.7647
37.82053,93.81372
37.81557,93.86275
37.81061,93.7647
37.80565,93.86274
37.80069,93.86274
37.79573,93.86274
37.79077,93.82353
37.78581,93.79584
37.78086,93.76816
37.7759,93.74047
37.77094,93.71281
37.76599,93.72434
37.76103,93.73587
37.75608,93.74741
37.75112,93.75894
37.74617,93.70512
37.74121,93.65129
37.73626,93.59745
37.73131,93.60899
37.72635,93.62053
37.7214,93.63205
37.71645,93.64359
37.7115,93.65512
37.70655,93.66666
37.7016,93.66666
37.69665,93.66666
37.6917,93.66666
37.68675,93.61765
37.6818,93.56863
37.67685,93.61765
37.6719,93.66667
37.66695,93.56863
37.66201,93.47059
37.65706,93.50981
37.65211,93.45098
37.64717,93.39216
37.64222,93.43137
37.63728,93.47059
37.63233,93.47059
37.62739,93.4379
37.62244,93.40522
37.6175,93.37255
37.61256,93.33986
37.60762,93.30719
37.60267,93.27451
37.59773,93.27451
37.59279,93.27451
37.58785,93.27451
37.58291,93.07843
37.57797,93.06209
37.57303,93.07842
37.56809,93.09478
37.56315,93.1111
37.55822,93.12745
37.55328,93.14378
37.54834,93.16013
37.5434,93.14379
37.53847,93.1928
37.53353,93.24183
37.52859,93.29084
37.52366,93.2745
37.51873,93.2745
37.51379,93.17646
37.50886,93.07843
37.50393,93.07843
37.49899,93.07843
37.49406,93.07843
37.48913,93.04574
37.4842,93.01307
37.47927,93.00218
37.47433,92.99128
37.46941,92.98039
37.46447,92.9695
37.45955,92.99129
37.45462,93.01308
37.44969,93.03486
37.44476,93.05665
37.43983,92.9804
37.43491,92.88236
37.42998,92.86275
37.42505,92.84314
37.42013,92.82354
37.4152,92.80393
37.41028,92.78432
37.40535,92.76471
37.40043,92.7451
37.3955,92.7255
37.39058,92.80392
37.38566,92.88235
37.38074,92.78431
37.37582,92.68627
37.3709,92.66993
37.36597,92.65359
37.36105,92.63725
37.35613,92.62092
37.35121,92.60457
37.34629,92.58823
37.34138,92.57189
37.33646,92.57516
37.33154,92.57843
37.32662,92.5817
37.3217,92.58497
37.31679,92.58823
37.31187,92.60784
37.30696,92.62745
37.30204,92.58169
37.29713,92.53595
37.29221,92.4902
37.2873,92.53922
37.28239,92.58824
37.27747,92.61275
37.27256,92.63726
37.26765,92.41667
37.26274,92.49019
37.25783,92.56373
37.25292,92.53921
37.24801,92.51471
37.2431,92.4902
37.23819,92.4902
37.23328,92.4902
37.22837,92.52289
37.22346,92.55556
37.21856,92.58825
37.21365,92.42484
37.20874,92.45752
37.20384,92.4902
37.19893,92.4902
37.19403,92.4902
37.18913,92.4902
37.18422,92.4902
37.17932,92.39216
37.17441,92.29412
37.16951,92.29412
37.16461,92.29412
37.15971,92.25491
37.1548,92.21569
37.14991,92.17648
37.145,92.23529
37.1401,92.29412
37.1352,92.27904
37.13031,92.26395
37.12541,92.24888
37.12051,92.23379
37.11561,92.21871
37.11071,92.20363
37.10582,92.18854
37.10092,92.21703
37.09603,92.24552
37.09113,92.27401
37.08624,92.3025
37.08134,92.33099
37.07645,92.35949
37.07156,92.3377
37.06666,92.31592
37.06177,92.29411
37.05688,92.20915
37.05199,92.12419
37.0471,92.03921
37.04221,92.11764
37.03732,92.19608
37.03242,92.19608
37.02753,92.19608
37.02265,92.19608
37.01776,92.19608
37.01287,92.19609
37.00798,92.11765
37.0031,92.03922
36.99821,92.05883
36.99332,92.07844
36.98844,92.09804
36.98355,92.19608
36.97867,92.29412
36.97379,92.09804
36.9689,92.07353
36.96402,92.04902
36.95914,92.02451
36.95425,92
36.94937,92.07353
36.94449,92.14706
36.93961,92.12255
36.93473,92.09804
36.92985,92.09804
36.92497,92.09804
36.92009,92
36.91521,91.92157
36.91034,91.94117
36.90546,91.96078
36.90058,91.98039
36.89571,92
36.89083,92.0196
36.88596,91.99019
36.88108,91.96078
36.87621,91.93137
36.87133,91.90195
36.86646,91.90195
36.86159,91.90195
36.85671,91.90195
36.85184,91.90195
36.84697,91.90195
36.8421,91.80391
36.83723,91.70587
36.83236,91.70587
36.82749,91.80392
36.82262,91.90196
36.81775,91.90196
36.81288,91.90196
36.80801,91.90196
36.80315,91.90196
36.79828,91.90196
36.79342,91.86929
36.78855,91.83661
36.78368,91.85995
36.77882,91.88329
36.77396,91.90664
36.76909,91.92998
36.76423,91.92064
36.75937,91.9113
36.7545,91.90197
36.74964,91.70588
36.74478,91.80392
36.73992,91.90197
36.73506,91.90197
36.7302,91.80393
36.72534,91.70589
36.72048,91.70589
36.71562,91.60784
36.71076,91.5098
36.70591,91.60784
36.70105,91.70589
36.69619,91.70589
36.69134,91.64053
36.68648,91.57518
36.68163,91.50981
36.67677,91.50981
36.67192,91.53431
36.66706,91.36274
36.66221,91.36274
36.65736,91.36274
36.65251,91.36274
36.64766,91.36274
36.6428,91.36275
36.63795,91.36274
36.6331,91.33823
36.62825,91.31372
36.62341,91.41176
36.61856,91.60784
36.61371,91.5098
36.60886,91.39216
36.60402,91.27451
36.59917,91.35294
36.59432,91.43137
36.58947,91.41177
36.58463,91.39216
36.57978,91.37255
36.57494,91.35294
36.5701,91.33333
36.56525,91.35294
36.56041,91.39216
36.55557,91.36602
36.55073,91.33987
36.54589,91.31373
36.54105,91.31373
36.53621,91.31373
36.53137,91.31372
36.52653,91.29194
36.52169,91.33551
36.51685,91.37909
36.51202,91.42266
36.50718,91.40087
36.50234,91.37909
36.49751,91.3573
36.49267,91.33551
36.48783,91.31373
36.483,91.24837
36.47816,91.18301
36.47333,91.11765
36.4685,91.11765
36.46367,91.11765
36.45884,91.13943
36.454,91.16122
36.44917,91.13399
36.44434,91.10675
36.43951,91.07952
36.43468,91.05229
36.42986,91.02505
36.42503,90.99782
36.4202,90.97059
36.41537,90.92157
36.41054,90.92157
36.40572,90.92157
36.40089,91.01961
36.39606,91.11764
36.39124,91.08496
36.38642,91.05228
36.38159,91.03595
36.37677,91.01961
36.37194,91.00326
36.36712,90.98692
36.3623,90.93791
36.35748,90.88889
36.35266,90.83987
36.34784,90.85622
36.34302,90.87256
36.3382,90.88889
36.33338,90.90523
36.32856,90.92157
36.32375,91.11765
36.31893,91.06863
36.31411,91.01961
36.3093,90.97059
36.30448,90.92156
36.29967,90.88889
36.29485,90.85621
36.29004,90.82353
36.28522,90.75817
36.28041,90.6928
36.2756,90.72549
36.27079,90.72549
36.26598,90.72549
36.26117,90.82353
36.25636,90.92157
36.25154,90.82353
36.24673,90.72549
36.24192,90.92157
36.23712,90.85154
36.23231,90.78151
36.2275,90.80952
36.22269,90.83754
36.21789,90.86554
36.21308,90.89357
36.20828,90.89357
36.20347,90.91457
36.19867,90.93557
36.19387,90.95658
36.18906,90.97759
36.18426,90.85154
36.17946,90.72549
36.17466,90.78431
36.16986,90.84313
36.16505,90.82174
36.16026,90.80035
36.15546,90.77897
36.15066,90.74778
36.14586,90.71658
36.14106,90.68538
36.13626,90.65419
36.13147,90.62299
36.12667,90.5918
36.12188,90.5606
36.11708,90.52941
36.11229,90.62745
36.10749,90.72549
36.1027,90.52941
36.0979,90.59944
36.09311,90.66947
36.08832,90.67414
36.08353,90.67881
36.07874,90.68348
36.07395,90.68815
36.06916,90.69281
36.06437,90.62745
36.05958,90.52941
36.05479,90.52941
36.05,90.52941
36.04522,90.52941
36.04043,90.52941
36.03564,90.52941
36.03086,90.50763
36.02607,90.68192
36.02129,90.56209
36.0165,90.44227
36.01172,90.42048
36.00694,90.39869
36.00216,90.47495
35.99737,90.5512
35.99259,90.52941
35.98781,90.33333
35.98303,90.33333
35.97825,90.52941
35.97347,90.48039
35.96869,90.43138
35.96391,90.38236
35.95914,90.33334
35.95436,90.33334
35.94958,90.33334
35.94481,90.33334
35.94003,90.33334
35.93526,90.33334
35.93048,90.2353
35.92571,90.33333
35.92094,90.2353
35.91616,90.13726
35.91139,90.29411
35.90662,90.15686
35.90185,90.01961
35.89708,90.07843
35.89231,90.13726
35.88754,90.08824
35.88277,90.03921
35.878,89.9902
35.87323,90.20261
35.86847,90.21896
35.8637,90.23529
35.85893,90.15359
35.85417,90.0719
35.8494,90.06644
35.84464,90.061
35.83987,90.05555
35.83511,90.0501
35.83035,90.02832
35.82558,90.00653
35.82082,89.98474
35.81606,90.15904
35.8113,90.13725
35.80654,90.13725
35.80178,90.13725
35.79702,90.13725
35.79227,89.94118
35.78751,89.94118
35.78275,89.94118
35.77799,89.94118
35.77324,89.94118
35.76848,89.89216
35.76373,89.94117
35.75897,89.9902
35.75422,89.94118
35.74947,89.94118
35.74471,89.94118
35.73996,89.94118
35.73521,89.84314
35.73046,89.7451
35.7257,89.72059
35.72095,89.69608
35.71621,89.76961
35.71146,89.84314
35.70671,89.83824
35.70196,89.83334
35.69721,89.82844
35.69247,89.82353
35.68772,89.84314
35.68297,89.86275
35.67823,89.78432
35.67348,89.70588
35.66874,89.72549
35.664,89.7451
35.65925,89.7451
35.65451,89.70588
35.64977,89.66666
35.64503,89.69281
35.64029,89.71895
35.63555,89.7451
35.63081,89.7451
35.62607,89.7451
35.62133,89.73965
35.61659,89.7342
35.61185,89.72876
35.60712,89.72331
35.60238,89.76688
35.59765,89.81046
35.59291,89.85403
35.58818,89.79957
35.58344,89.74509
35.57871,89.54901
35.57398,89.54901
35.56924,89.54901
35.56451,89.64705
35.55978,89.74509
35.55505,89.66667
35.55032,89.58824
35.54559,89.57516
35.54086,89.56208
35.53614,89.54902
35.53141,89.53595
35.52668,89.52288
35.52195,89.5098
35.51723,89.52942
35.5125,89.54902
35.50778,89.54902
35.50305,89.54902
35.49833,89.54902
35.49361,89.7451
35.48888,89.45098
35.48416,89.32843
35.47944,89.5
35.47472,89.47549
35.47,89.45098
35.46528,89.42647
35.46056,89.40196
35.45584,89.37745
35.45113,89.35294
35.44641,89.54902
35.44169,89.45098
35.43697,89.35294
35.43226,89.37745
35.42754,89.40196
35.42283,89.23039
35.41811,89.23529
35.4134,89.2402
35.40869,89.2451
35.40398,89.25
35.39927,89.2549
35.39455,89.23529
35.38984,89.21569
35.38513,89.29412
35.38042,89.37255
35.37571,89.35295
35.37101,89.25491
35.3663,89.18955
35.36159,89.22223
35.35688,89.25491
35.35218,89.28759
35.34747,89.32027
35.34277,89.35294
35.33807,89.29692
35.33336,89.2409
35.32866,89.28291
35.32396,89.32492
35.31926,89.2689
35.31455,89.21288
35.30985,89.15686
35.30515,89.15686
35.30045,89.15686
35.29575,89.15686
35.29106,89.17865
35.28636,89.16122
35.28166,89.14379
35.27697,89.12636
35.27227,89.10893
35.26757,89.0915
35.26288,89.11329
35.25819,89.13507
35.25349,89.15686
35.2488,89.10784
35.24411,89.05882
35.23941,89.0098
35.23472,88.96078
35.23003,88.94117
35.22534,88.97059
35.22065,89
35.21597,89.02941
35.21127,89.05882
35.20659,88.84314
35.2019,88.82353
35.19721,88.80392
35.19253,88.88235
35.18784,88.96078
35.18316,88.87783
35.17847,88.79488
35.17379,88.80996
35.16911,88.82504
35.16442,88.80745
35.15974,88.78984
35.15506,88.77224
35.15038,88.75465
35.1457,88.73706
35.14102,88.71945
35.13634,88.69533
35.13166,88.67119
35.12699,88.64706
35.12231,88.60784
35.11763,88.56863
35.11296,88.56863
35.10828,88.56863
35.10361,88.56863
35.09893,88.56863
35.09426,88.60131
35.08959,88.63399
35.08492,88.56863
35.08024,88.56863
35.07557,88.56863
35.0709,88.50327
35.06623,88.43791
35.06156,88.41176
35.05689,88.41177
35.05223,88.41176
35.04756,88.41177
35.04289,88.41176
35.03822,88.37254
35.03356,88.37254
35.02889,88.4379
35.02423,88.50326
35.01957,88.56862
35.0149,88.47059
35.01024,88.37254
35.00558,88.33987
35.00092,88.30719
34.99625,88.27451
34.9916,88.24183
34.98693,88.20915
34.98228,88.17647
34.97762,88.14379
34.97296,88.11111
34.9683,88.09943
34.96365,88.08776
34.95899,88.07609
34.95433,88.06442
34.94968,88.23249
34.94503,88.20448
34.94037,88.17647
34.93572,88.17647
34.93106,88.17648
34.92641,88.01961
34.92176,88.05883
34.91711,88.09804
34.91246,88.10925
34.90781,88.12045
34.90316,88.09244
34.89852,88.06443
34.89387,88.03641
34.88922,88.0084
34.88457,87.98039
34.87993,87.98039
34.87529,87.98039
34.87064,87.78432
34.866,87.7563
34.86135,87.79365
34.85671,87.831
34.85207,87.86835
34.84743,87.86835
34.84279,87.86835
34.83815,87.86835
34.83351,87.79833
34.82887,87.7283
34.82423,87.71709
34.81959,87.70589
34.81496,87.66667
34.81032,87.62746
34.80568,87.58824
34.80105,87.58824
34.79641,87.78431
34.79178,87.68627
34.78715,87.58824
34.78251,87.5621
34.77788,87.53595
34.77325,87.50981
34.76862,87.48367
34.76399,87.45752
34.75936,87.43137
34.75473,87.43137
34.7501,87.43137
34.74547,87.43138
34.74084,87.43137
34.73622,87.39216
34.73159,87.39216
34.72697,87.39216
34.72234,87.41667
34.71772,87.44118
34.7131,87.26961
34.70847,87.2549
34.70385,87.2402
34.69923,87.22549
34.69461,87.21079
34.68999,87.19608
34.68537,87.09804
34.68075,86.99999
34.67613,86.96078
34.67151,86.92156
34.6669,86.98039
34.66228,87.03921
34.65767,86.99999
34.65305,86.96078
34.64843,86.92156
34.64382,86.88235
34.63921,86.84313
34.63459,86.80392
34.62998,86.70587
34.62537,86.63585
34.62076,86.66386
34.61615,86.69187
34.61154,86.62185
34.60693,86.55181
34.60232,86.50139
34.59771,86.45098
34.59311,86.43791
34.5885,86.42484
34.58389,86.41176
34.57929,86.40087
34.57468,86.38997
34.57008,86.37908
34.56548,86.36819
34.56087,86.3573
34.55627,86.3464
34.55167,86.17211
34.54707,86.13788
34.54247,86.10364
34.53787,86.2437
34.53327,85.9916
34.52867,86.00094
34.52407,86.01027
34.51948,86.01961
34.51488,85.82353
34.51028,85.62745
34.50569,85.74728
34.5011,85.8671
34.4965,85.69281
34.49191,85.64923
34.48732,85.60566
34.48273,85.56209
34.47813,85.58388
34.47355,85.60566
34.46895,85.43137
34.46436,85.23529
34.45977,85.16993
34.45519,85.10458
34.4506,85.03921
34.44601,84.9902
34.44143,85.13726
34.43684,85.08824
34.43226,85.03922
34.42767,84.98039
34.42309,84.92157
34.41851,84.86274
34.41393,84.80392
34.40934,84.7451
34.40476,84.64706
34.40018,84.64706
34.3956,84.64706
34.39102,84.64706
34.38644,84.64705
34.38187,84.54901
34.37729,84.45097
34.37271,84.38561
34.36814,84.32025
34.36356,84.27941
34.35899,84.20588
34.35441,84.13236
34.34984,84.05883
34.34527,83.9853
34.34069,83.94445
34.33612,83.90359
34.33155,83.86274
34.32698,83.7647
34.32241,83.7647
34.31784,83.71569
34.31328,83.69935
34.30871,83.68301
34.30414,83.66667
34.29958,83.56863
34.29501,83.47058
34.29045,83.40523
34.28588,83.33986
34.28132,83.27451
34.27676,83.07844
34.27219,83.01307
34.26763,83.04576
34.26307,83.07843
34.25851,82.89869
34.25395,82.78431
34.24939,82.66994
34.24483,82.55556
34.24028,82.50654
34.23572,82.45752
34.23116,82.4085
34.22661,82.22875
34.22205,82.11437
34.2175,81.99999
34.21294,81.88562
34.20839,81.80392
34.20384,81.80393
34.19929,81.80392
34.19474,81.73857
34.19019,81.57517
34.18564,81.41177
34.18109,81.34641
34.17654,81.28104
34.17199,81.21569
34.16745,81.11766
34.1629,80.98694
34.15835,80.85622
34.15381,80.7255
34.14926,80.52942
34.14472,80.39869
34.14017,80.46405
34.13564,80.52941
34.13109,80.52941
34.12655,80.13725
34.12201,80.07843
34.11747,80.01961
34.11293,79.86274
34.10839,79.70589
34.10386,79.54902
34.09932,79.35294
34.09478,79.2549
34.09024,79.15685
34.08571,79.02613
34.08118,78.89542
34.07664,78.76471
34.07211,78.56863
34.06758,78.47059
34.06305,78.47059
34.05851,78.39706
34.05398,78.22549
34.04945,77.85784
34.04493,77.78432
34.0404,77.71078
34.03587,77.53922
34.03134,77.36765
34.02681,77.19608
34.02229,77.06536
34.01777,76.93464
34.01324,76.80393
34.00872,76.50981
34.00419,76.31373
33.99967,76.21569
33.99515,76.01961
33.99063,75.82353
33.98611,75.62745
33.98159,75.43138
33.97707,75.28432
33.97255,75.13726
33.96803,74.99019
33.96352,74.84314
33.959,74.68627
33.95448,74.33334
33.94997,74.17647
33.94545,74.01961
33.94094,73.86275
33.93643,73.60131
33.93192,73.1438
33.9274,72.88235
33.92289,72.88235
33.91838,72.49019
33.91387,72.29412
33.90936,71.93465
33.90485,71.77124
33.90035,71.60784
33.89584,71.24836
33.89133,71.08498
33.88683,70.92157
33.88232,70.52941
33.87782,70.33333
33.87331,69.94117
33.86881,69.7451
33.86431,69.35294
33.85981,69.2549
33.85531,68.96078
33.85081,68.76471
33.84631,68.37255
33.84181,67.98039
33.83731,67.61274
33.83281,67.2451
33.82832,67.07353
33.82382,66.70588
33.81933,66.53431
33.81483,66.36275
33.81034,65.9951
33.80584,65.62745
33.80135,65.2353
33.79686,64.96078
33.79237,64.68627
33.78788,64.5098
33.78339,64.13726
33.7789,63.76471
33.77441,63.39215
33.76992,63.21568
33.76544,63.03922
33.76095,62.47059
33.75647,62.29412
33.75198,61.90197
33.74749,61.50981
33.74301,61.11764
33.73853,60.72549
33.73405,60.52941
33.72956,60.13725
33.72508,59.95626
33.7206,59.57919
33.71613,59.00603
33.71165,58.82504
33.70717,58.44796
33.70269,57.87481
33.69821,57.69381
33.69374,57.31674
33.68926,56.93967
33.68479,56.75867
33.68031,56.18552
33.67584,56.00452
33.67137,55.43137
33.6669,55.13725
33.66243,55.03923
33.65796,54.67508
33.65348,54.50701
33.64901,53.94678
33.64455,53.77872
33.64008,53.21849
33.63561,53.05042
33.63115,52.88235
33.62668,52.75164
33.62222,52.22876
33.61775,51.90196
33.61329,51.70589
33.60883,51.50981
33.60436,51.21569
33.5999,51.11765
33.59544,50.94117
33.59098,50.56863
33.58652,50.39216
33.58206,50.21569
33.57761,49.84313
33.57315,49.66666
33.56869,49.58823
33.56424,49.50981
33.55978,49.43137
33.55532,49.35295
33.55087,49.15687
33.54642,48.76471
33.54197,48.74728
33.53751,48.72985
33.53307,48.71241
33.52861,48.69499
33.52417,48.67756
33.51971,48.69934
33.51527,48.72113
33.51082,48.78214
33.50637,48.84314
33.50193,49.07843
33.49748,49.13399
33.49304,49.18954
33.48859,49.40196
33.48415,49.51634
33.47971,49.63072
33.47527,49.84314
33.47083,50.05556
33.46638,50.46405
33.46195,50.67647
33.45751,50.88889
33.45307,51.10131
33.44863,51.31373
33.44419,51.90196
33.43976,52.09804
33.43533,52.39216
33.43089,53.07843
33.42646,53.27451
33.42202,53.66667
33.41759,53.89076
33.41316,54.507
33.40873,54.73109
33.4043,55.34734
33.39987,55.76751
33.39544,56.18768
33.39101,56.60785
33.38658,57
33.38216,57.58823
33.37773,57.98039
33.37331,58.56862
33.36888,59.15686
33.36446,59.61437
33.36003,60.0719
33.35561,60.72549
33.35119,61.183
33.34677,61.8366
33.34235,62.29412
33.33793,62.63725
33.33351,63.17647
33.32909,63.5196
33.32467,64.05882
33.32026,64.64706
33.31584,65.03921
33.31142,65.62745
33.30701,66.21568
33.3026,66.60784
33.29818,67
33.29377,67.61002
33.28936,67.82788
33.28495,68.63399
33.28054,68.85185
33.27613,69.46187
33.27172,69.67974
33.26731,70.28976
33.26291,70.7037
33.2585,71.11765
33.25409,71.70588
33.24969,72.09804
33.24528,72.29412
33.24088,72.98039
33.23648,73.27451
33.23207,73.66667
33.22767,74.05882
33.22327,74.45098
33.21887,74.7451
33.21447,75.03921
33.21007,75.47058
33.20568,75.90195
33.20128,76.52941
33.19688,76.96078
33.19249,77.19608
33.18809,77.4902
33.1837,77.78432
33.1793,78.07844
33.17491,78.37255
33.17052,78.76471
33.16613,78.96079
33.16174,79.54902
33.15734,79.84313
33.15296,80.13725
33.14857,80.52941
33.14418,80.7255
33.13979,80.96078
33.13541,81.19608
33.13102,81.62745
33.12664,81.86275
33.12225,82.09804
33.11787,82.29412
33.11349,82.49019
33.1091,82.68627
33.10472,83.12745
33.10035,83.27451
33.09597,83.42157
33.09159,83.66666
33.08721,83.86274
33.08283,84.05882
33.07845,84.2549
33.07408,84.54902
33.0697,84.84313
33.06533,84.87581
33.06096,84.90849
33.05658,85.2353
33.05221,85.45315
33.04784,85.67102
33.04346,85.88889
33.0391,86.00871
33.03473,86.12854
33.03036,86.34641
33.02599,86.56426
33.02162,86.58605
33.01726,86.60783
33.01289,86.77777
33.00853,86.9477
33.00416,87.11763
32.9998,87.28756
32.99544,87.4575
32.99107,87.61624
32.98671,87.84034
32.98235,87.90756
32.97799,87.97479
32.97363,88.04201
32.96928,88.10924
32.96492,88.17647
32.96056,88.30719
32.95621,88.43791
32.95185,88.56863
32.94749,88.76471
32.94314,88.79739
32.93879,88.9281
32.93444,89.05882
32.93008,89.16993
32.92574,89.28104
32.92139,89.39215
32.91703,89.56862
32.91269,89.7451
32.90834,89.69608
32.90399,89.64706
32.89965,89.89216
32.8953,89.96569
32.89096,89.9902
32.88661,90.01471
32.88227,90.2353
32.87793,90.32516
32.87358,90.41503
32.86924,90.5049
32.8649,90.62745
32.86057,90.79085
32.85622,90.75817
32.85189,90.72549
32.84755,90.77451
32.84321,90.82353
32.83888,90.87254
32.83454,90.97758
32.83021,91.08263
32.82587,91.18767
32.82154,91.29271
32.81721,91.39775
32.81288,91.64986
32.80855,91.70588
32.80422,91.60785
32.79989,91.5098
32.79556,91.71741
32.79123,91.63092
32.78691,91.5444
32.78258,91.75201
32.77826,91.78534
32.77393,91.81866
32.76961,91.85198
32.76529,91.8853
32.76096,91.91861
32.75664,91.95194
32.75232,91.98526
32.748,92.01858
32.74368,92.0519
32.73936,92.06344
32.73505,92.07497
32.73073,92.28258
32.72641,92.34314
32.7221,92.39216
32.71778,92.44118
32.71347,92.4902
32.70916,92.53922
32.70485,92.58824
32.70053,92.83333
32.69622,92.78432
32.69191,92.68628
32.6876,92.68628
32.6833,92.68628
32.67899,92.70806
32.67468,92.72985
32.67038,92.75164
32.66607,92.77342
32.66177,92.79521
32.65746,92.817
32.65316,92.83878
32.64885,92.86057
32.64455,92.88236
32.64025,92.88236
32.63595,92.88236
32.63165,92.88235
32.62735,92.97007
32.62306,93.05779
32.61876,93.08668
32.61446,93.11559
32.61017,93.14448
32.60587,93.17337
32.60158,93.20227
32.59729,93.19195
32.59299,93.18162
32.5887,93.17131
32.58441,93.16099
32.58012,93.34674
32.57583,93.33643
32.57154,93.32611
32.56726,93.35936
32.56297,93.39262
32.55869,93.42587
32.5544,93.45912
32.55011,93.49238
32.54583,93.33987
32.54155,93.57953
32.53727,93.52506
32.53298,93.47059
32.5287,93.58824
32.52442,93.70588
32.52015,93.67647
32.51587,93.64706
32.51159,93.61765
32.50731,93.58824
32.50304,93.50981
32.49876,93.43137
32.49448,93.45098
32.49021,93.47059
32.48594,93.5098
32.48167,93.54902
32.47739,93.58824
32.47313,93.62745
32.46885,93.66667
32.46458,93.69468
32.46032,93.72269
32.45605,93.7507
32.45178,93.77872
32.44752,93.80673
32.44325,93.83474
32.43899,93.7647
32.43472,93.66667
32.43046,93.63865
32.4262,93.70868
32.42194,93.77871
32.41768,93.78338
32.41342,93.78805
32.40916,93.79272
32.4049,93.79739
32.40064,93.83007
32.39639,93.86275
32.39213,93.99347
32.38787,93.92811
32.38362,93.86275
32.37937,93.84874
32.37511,93.83474
32.37086,93.87675
32.36661,93.91876
32.36236,93.96078
32.35811,94.0028
32.35386,94.04482
32.34962,94.08683
32.34537,94.12886
32.34112,94.01681
32.33688,93.90477
32.33263,93.89076
32.32839,93.87676
32.32415,94.05883
32.3199,93.86275
32.31566,93.86275
32.31142,93.86275
32.30718,94.05883
32.30294,93.91176
32.2987,93.96079
32.29446,94.00981
32.29023,93.96078
32.28599,93.91176
32.28176,93.96078
32.27752,94.0098
32.27329,94.05882
32.26906,94
32.26482,93.94117
32.26059,93.9586
32.25636,93.97603
32.25213,93.99346
32.24791,93.97168
32.24368,93.94989
32.23945,93.9281
32.23522,93.90633
32.231,93.94989
32.22677,93.99348
32.22255,93.99347
32.21832,93.97714
32.2141,93.96079
32.20988,93.96079
32.20566,93.96079
32.20144,94.10785
32.19722,94.05883
32.193,93.96079
32.18878,93.86275
32.18457,93.86274
32.18035,93.94117
32.17614,93.97058
32.17192,93.99999
32.16771,94.0294
32.16349,94.05882
32.15928,93.91176
32.15507,93.96078
32.15086,94.0098
32.14665,94.05883
32.14244,94.02615
32.13823,93.99347
32.13403,93.86274
32.12982,93.86274
32.12561,93.86275
32.12141,93.7974
32.11721,93.83008
32.113,93.86276
32.1088,93.7974
32.1046,93.73204
32.1004,93.73203
32.0962,93.79738
32.092,93.86275
32.0878,93.86275
32.0836,93.86275
32.0794,93.86275
32.07521,93.86273
32.07101,93.73201
32.06682,93.69933
32.06263,93.66666
32.05843,93.61764
32.05424,93.56863
32.05005,93.61765
32.04586,93.66667